base	events
101	3
103	1
105	3
106	7
107	2
110	1
111	1
113	1
114	1
116	1
118	1
119	1
121	1
122	1
124	3
127	1
136	1
140	4
143	1
144	1
147	1
148	1
160	2
161	1
163	2
165	1
168	1
170	1
174	15
175	1
179	1
180	1
181	1
186	5
187	3
188	1
189	2
193	1
195	3
198	3
199	1
201	1
203	21
204	10
206	1
207	2
210	6
212	1
213	2
214	1
217	1
219	9
220	1
222	15
223	2
226	1
228	2
230	1
231	1
235	1
237	1
239	2
241	12
242	1
244	1
245	4
246	2
248	1
256	1
264	3
265	1
269	1
274	2
275	1
280	2
281	1
282	1
292	1
293	1
298	1
309	1
311	1
313	11
317	1
318	1
319	1
325	2
326	1
327	1
335	9
337	7
340	1
343	2
344	6
346	6
347	4
353	1
354	1
355	3
361	2
362	1
364	1
365	1
367	1
368	1
370	3
374	1
375	1
376	11
379	4
383	1
392	1
394	2
398	2
400	1
401	1
403	1
406	1
409	1
410	1
412	1
414	3
425	1
434	3
435	2
440	1
442	2
443	1
444	1
445	3
448	3
449	1
450	1
454	1
465	1
466	3
469	1
475	3
476	1
481	1
486	1
487	2
490	2
491	2
496	1
498	1
501	1
503	2
505	1
509	1
512	1
514	1
515	1
520	2
521	3
526	3
527	3
529	3
532	3
539	2
541	4
542	2
549	1
556	4
559	1
569	1
571	1
577	1
581	1
583	2
586	1
589	1
593	5
596	2
598	2
599	1
601	3
604	2
605	1
606	1
614	1
615	1
618	1
619	2
620	1
625	2
626	1
628	1
635	1
642	2
643	2
652	2
655	1
656	1
657	1
658	1
664	5
671	1
673	4
676	4
677	1
678	2
679	2
682	2
683	12
690	2
691	3
696	1
701	2
703	3
704	3
705	1
706	3
707	1
708	1
709	1
715	2
733	1
745	3
749	1
761	2
771	1
772	1
773	1
775	2
783	1
790	1
796	1
802	1
806	1
809	2
810	1
815	5
817	1
823	9
826	1
829	9
831	1
832	6
833	1
835	1
837	1
839	2
840	3
843	2
847	2
850	1
851	1
853	4
854	3
872	5
874	2
875	2
878	3
881	2
882	1
884	5
885	1
889	1
895	2
896	1
897	1
900	2
903	1
910	1
911	1
912	1
913	2
915	1
920	3
922	6
923	1
925	1
929	2
932	1
933	1
934	2
936	7
940	2
949	1
951	1
952	1
957	2
958	1
959	1
973	1
974	1
987	1
988	1
997	1
1006	2
1016	1
1035	1
1042	1
1045	1
1048	1
1057	1
1059	12
1060	4
1063	5
1066	1
1068	1
1071	1
1072	2
1076	1
1077	1
1085	2
1091	1
1093	3
1094	2
1101	3
1102	5
1108	1
1111	3
1113	3
1114	1
1122	1
1123	1
1131	1
1135	1
1139	1
1141	3
1148	6
1149	2
1150	4
1154	1
1156	1
1157	3
1158	1
1161	1
1163	9
1165	1
1167	1
1169	1
1170	3
1171	1
1172	1
1177	1
1179	1
1180	2
1181	2
1185	2
1186	2
1190	7
1191	9
1201	1
1202	2
1204	1
1205	2
1207	1
1210	1
1218	10
1223	2
1231	1
1237	1
1238	1
1245	1
1263	4
1264	2
1268	3
1271	2
1274	3
1282	3
1288	9
1297	1
1298	1
1302	3
1306	1
1309	1
1312	1
1314	4
1316	1
1319	1
1322	3
1323	1
1326	1
1327	2
1335	1
1342	1
1344	2
1345	1
1346	5
1347	3
1348	3
1358	1
1368	1
1371	1
1376	2
1377	2
1380	2
1381	1
1385	6
1387	7
1389	1
1392	2
1397	1
1399	1
1401	1
1403	1
1404	1
1408	1
1409	1
1412	1
1416	1
1419	2
1420	6
1421	1
1422	1
1423	2
1426	2
1427	6
1430	1
1437	5
1438	1
1439	5
1440	2
1441	3
1444	2
1445	2
1449	4
1450	1
1454	1
1455	1
1456	1
1457	8
1461	1
1463	2
1464	1
1469	3
1470	1
1471	7
1473	7
1476	2
1477	1
1479	3
1480	3
1482	1
1483	1
1487	1
1489	2
1495	1
1496	1
1498	1
1499	1
1500	1
1513	1
1514	7
1515	1
1519	3
1521	2
1523	1
1528	1
1529	2
1530	1
1541	2
1543	2
1544	1
1545	3
1548	1
1549	2
1550	1
1555	1
1558	4
1562	1
1563	1
1567	2
1568	1
1572	2
1573	1
1576	1
1578	1
1580	2
1583	1
1585	1
1588	2
1589	3
1592	3
1593	4
1594	6
1599	2
1601	2
1604	1
1606	1
1609	3
1610	2
1613	1
1616	4
1620	1
1623	2
1624	1
1625	1
1626	2
1627	2
1630	1
1642	1
1643	1
1648	1
1659	2
1661	1
1666	1
1670	2
1673	1
1675	1
1681	2
1683	1
1684	13
1685	2
1686	1
1687	1
1691	1
1692	3
1700	1
1701	2
1702	1
1707	1
1715	1
1722	5
1723	1
1724	1
1730	1
1734	2
1738	10
1744	1
1747	1
1750	1
1758	5
1762	1
1772	1
1779	1
1782	1
1783	1
1793	1
1798	1
1800	1
1803	3
1805	1
1810	2
1811	1
1812	3
1813	1
1820	16
1821	1
1825	2
1839	1
1843	2
1853	2
1870	1
1871	1
1876	1
1877	1
1878	2
1882	1
1884	5
1887	1
1888	1
1889	1
1890	2
1899	1
1900	1
1904	1
1908	1
1909	1
1910	1
1911	1
1912	18
1913	1
1914	2
1915	3
1917	2
1927	1
1930	1
1931	1
1936	2
1938	1
1940	1
1942	3
1943	1
1946	2
1947	1
1951	1
1955	1
1957	3
1958	1
1959	1
1960	4
1962	1
1966	1
1968	7
1969	1
1973	3
1976	2
1977	1
1982	1
1983	1
1987	1
1989	1
1990	1
1997	1
2000	1
2003	7
2005	4
2013	2
2015	2
2023	2
2029	1
2031	1
2035	2
2037	4
2040	2
2044	3
2045	1
2048	2
2051	1
2057	1
2061	4
2062	7
2070	2
2073	1
2078	1
2086	3
2091	4
2094	6
2095	1
2097	1
2102	1
2104	1
2106	2
2110	5
2113	7
2117	1
2119	1
2122	1
2124	1
2130	1
2132	2
2133	1
2135	1
2143	2
2144	6
2146	1
2147	1
2151	2
2152	1
2153	1
2155	2
2156	1
2162	1
2164	4
2167	1
2174	1
2180	1
2182	2
2189	4
2197	2
2221	2
2232	3
2236	1
2239	1
2245	2
2246	2
2251	1
2252	1
2253	1
2258	1
2261	1
2263	1
2269	1
2271	2
2272	1
2273	4
2276	1
2277	2
2280	1
2282	1
2284	2
2286	1
2299	1
2300	1
2305	6
2306	2
2315	1
2323	1
2330	1
2331	2
2334	4
2336	1
2339	1
2340	2
2342	1
2344	1
2353	1
2354	1
2356	1
2358	1
2363	1
2365	1
2370	1
2371	3
2386	1
2388	3
2393	1
2395	3
2398	1
2399	1
2401	1
2406	1
2410	2
2416	3
2426	1
2432	1
2434	2
2442	1
2445	5
2447	2
2448	1
2449	2
2453	2
2455	7
2458	2
2462	1
2470	1
2473	1
2474	1
2475	3
2477	1
2480	1
2482	1
2483	1
2485	8
2488	4
2489	1
2494	4
2497	2
2499	2
2502	1
2507	1
2509	9
2512	1
2514	1
2516	1
2518	2
2523	4
2525	1
2526	1
2527	2
2528	2
2533	1
2534	1
2535	1
2536	4
2537	2
2544	3
2549	1
2550	2
2551	1
2558	1
2564	1
2566	1
2574	2
2577	1
2583	1
2584	1
2586	1
2587	1
2589	1
2594	1
2597	1
2600	1
2605	1
2607	3
2608	1
2617	1
2622	1
2623	3
2632	2
2638	2
2639	1
2644	4
2646	1
2647	2
2648	1
2653	2
2654	1
2655	1
2659	4
2667	1
2668	4
2669	1
2675	2
2676	5
2685	2
2686	1
2687	1
2689	1
2692	7
2695	6
2697	1
2698	1
2700	1
2706	7
2710	4
2711	1
2716	1
2720	1
2721	1
2724	2
2747	1
2749	3
2755	5
2756	1
2773	3
2775	2
2778	1
2779	1
2782	4
2788	1
2790	1
2796	1
2810	2
2815	1
2817	1
2825	1
2826	1
2827	1
2828	1
2831	2
2833	1
2836	5
2842	5
2847	1
2862	3
2867	3
2869	2
2870	1
2871	1
2879	2
2880	1
2881	2
2882	1
2886	1
2888	1
2890	1
2891	3
2892	1
2895	1
2896	1
2900	2
2902	4
2903	1
2910	4
2914	2
2915	1
2920	1
2925	1
2928	1
2933	1
2937	3
2939	3
2940	1
2942	1
2944	1
2945	1
2947	3
2972	1
2973	13
2978	1
2980	1
2987	1
2997	2
3004	3
3008	1
3010	1
3011	1
3014	1
3025	2
3027	1
3037	18
3040	1
3041	1
3042	2
3044	1
3045	5
3046	1
3047	2
3049	2
3053	1
3055	1
3056	1
3057	1
3061	1
3063	1
3064	1
3065	1
3069	1
3080	1
3084	2
3090	1
3091	3
3092	1
3093	3
3095	1
3096	11
3099	3
3111	1
3114	2
3115	1
3117	4
3122	4
3124	1
3127	1
3130	3
3132	1
3138	1
3140	2
3143	1
3152	1
3154	2
3156	2
3157	2
3159	2
3165	2
3166	1
3167	1
3169	1
3170	1
3175	1
3176	3
3177	5
3179	1
3182	1
3205	1
3206	1
3213	1
3215	1
3218	1
3222	1
3225	2
3231	3
3234	1
3235	1
3239	2
3241	4
3242	3
3243	1
3247	1
3251	1
3253	2
3255	1
3256	1
3257	1
3259	4
3261	7
3262	1
3264	3
3267	3
3270	1
3272	1
3274	1
3275	1
3276	1
3282	1
3286	1
3293	1
3295	1
3302	1
3308	1
3311	1
3315	2
3317	1
3318	1
3327	4
3328	3
3329	1
3330	2
3338	2
3340	5
3345	1
3355	1
3362	1
3363	1
3369	2
3373	1
3382	1
3392	1
3393	3
3397	2
3403	6
3404	1
3411	5
3425	3
3426	2
3427	1
3428	2
3429	3
3431	3
3433	3
3439	1
3442	1
3448	1
3450	1
3456	1
3464	1
3470	2
3472	1
3475	1
3477	2
3481	1
3482	1
3483	1
3484	1
3486	2
3492	1
3497	1
3505	1
3509	2
3514	1
3518	1
3523	1
3527	1
3531	1
3538	1
3539	2
3542	1
3543	2
3547	1
3552	1
3558	1
3563	1
3567	1
3569	3
3574	1
3582	1
3583	2
3587	5
3589	2
3590	1
3592	1
3593	1
3602	4
3604	1
3606	1
3607	1
3608	1
3613	2
3616	1
3619	5
3620	1
3622	2
3625	2
3628	1
3630	1
3634	2
3636	1
3638	4
3643	1
3646	1
3647	1
3652	1
3653	3
3660	1
3666	1
3682	2
3684	1
3686	2
3688	3
3689	1
3691	1
3692	4
3695	6
3698	1
3704	1
3706	2
3707	1
3708	1
3710	1
3716	3
3717	1
3722	2
3728	5
3732	1
3736	2
3737	3
3738	6
3740	1
3741	1
3743	6
3745	1
3755	1
3758	1
3766	1
3768	5
3770	2
3773	3
3777	1
3778	1
3780	1
3781	1
3784	5
3787	5
3790	1
3793	1
3796	2
3807	1
3811	5
3817	1
3828	4
3829	1
3830	2
3833	1
3838	1
3844	1
3846	1
3849	1
3853	1
3856	1
3861	2
3867	1
3868	2
3871	7
3873	2
3874	6
3877	1
3878	1
3880	1
3885	3
3888	1
3892	2
3896	2
3903	4
3905	1
3906	1
3912	1
3918	1
3920	1
3923	3
3924	3
3928	1
3931	2
3933	1
3934	1
3935	1
3941	1
3943	1
3948	1
3951	1
3954	1
3955	2
3956	1
3959	1
3961	2
3965	2
3967	1
3971	2
3984	2
3987	3
3990	1
3992	4
3994	5
3996	1
4002	3
4006	2
4008	1
4010	2
4011	1
4012	1
4014	1
4021	2
4040	2
4051	1
4052	1
4057	1
4059	1
4060	1
4066	1
4069	1
4078	1
4084	9
4092	2
4093	2
4096	2
4099	1
4103	1
4105	1
4109	1
4113	5
4120	1
4124	2
4125	1
4136	4
4148	4
4153	1
4158	8
4160	1
4164	1
4166	1
4173	1
4174	1
4179	1
4180	1
4181	1
4197	1
4201	3
4202	2
4206	1
4207	1
4213	1
4214	1
4217	1
4220	1
4223	1
4226	2
4229	2
4231	1
4237	1
4243	1
4246	2
4255	6
4261	2
4276	6
4282	1
4285	2
4291	2
4296	1
4300	5
4308	1
4319	1
4320	9
4321	3
4324	1
4327	2
4330	1
4331	8
4336	1
4338	1
4345	3
4346	1
4354	1
4357	1
4366	1
4369	1
4372	2
4381	1
4390	1
4391	1
4399	8
4400	1
4402	1
4404	1
4406	1
4422	1
4423	3
4436	1
4438	2
4441	1
4442	1
4444	4
4449	1
4455	6
4456	1
4457	3
4459	1
4463	2
4467	2
4468	1
4486	3
4503	1
4504	2
4510	5
4523	1
4528	1
4540	4
4543	7
4547	1
4548	1
4551	4
4559	1
4560	1
4561	1
4563	1
4564	1
4573	4
4579	3
4582	5
4586	2
4596	1
4605	1
4633	4
4640	2
4642	1
4655	2
4656	2
4657	1
4668	1
4678	1
4679	1
4681	2
4682	1
4683	2
4686	2
4698	1
4699	1
4714	2
4719	1
4720	2
4732	2
4752	3
4754	3
4755	2
4757	1
4769	1
4774	1
4777	1
4780	1
4784	5
4788	2
4792	1
4794	2
4795	2
4800	2
4807	1
4815	1
4824	1
4827	2
4830	1
4832	2
4839	1
4861	2
4864	1
4866	1
4870	1
4876	1
4877	1
4878	1
4882	1
4886	1
4890	1
4891	3
4893	5
4894	1
4897	2
4898	1
4900	1
4901	2
4904	2
4907	2
4910	1
4912	1
4913	2
4918	2
4924	1
4927	4
4930	1
4946	1
4960	2
4963	2
4964	1
4965	2
4972	1
4976	1
4980	1
4984	1
4990	2
4993	2
4994	1
4999	1
5000	2
5002	1
5003	1
5005	2
5008	4
5011	1
5012	2
5015	3
5019	1
5023	1
5025	1
5029	1
5031	2
5035	1
5036	1
5037	1
5040	3
5045	1
5052	1
5055	6
5062	1
5071	1
5077	1
5079	2
5084	1
5088	1
5089	1
5093	1
5100	5
5104	1
5115	2
5116	1
5122	1
5128	1
5140	2
5143	1
5144	10
5146	1
5147	2
5155	1
5167	2
5170	2
5173	4
5174	1
5175	2
5178	2
5181	1
5183	5
5184	6
5185	1
5192	1
5194	3
5200	3
5203	1
5206	9
5210	1
5211	1
5218	1
5220	1
5221	2
5223	1
5230	11
5234	1
5235	1
5239	4
5240	1
5250	1
5259	2
5268	1
5269	1
5273	1
5274	2
5278	2
5284	7
5290	1
5296	1
5297	1
5298	1
5301	2
5302	1
5303	2
5305	2
5310	6
5314	2
5326	3
5338	1
5339	5
5342	1
5348	1
5353	1
5359	2
5364	1
5365	4
5366	1
5367	1
5369	1
5383	1
5388	1
5390	1
5392	4
5401	2
5406	1
5408	2
5413	1
5422	1
5425	2
5428	1
5432	2
5436	2
5440	1
5446	2
5447	1
5448	1
5460	1
5461	2
5462	1
5463	1
5465	1
5466	1
5467	2
5474	1
5477	2
5479	1
5486	1
5494	1
5495	1
5497	8
5507	1
5508	1
5512	12
5513	1
5515	1
5521	1
5526	2
5533	1
5539	1
5541	1
5543	1
5544	2
5547	2
5548	2
5554	3
5558	1
5560	2
5572	3
5575	3
5578	2
5581	1
5600	1
5608	1
5619	1
5621	1
5622	6
5628	1
5629	6
5641	1
5646	1
5648	1
5653	1
5654	6
5672	6
5678	1
5680	1
5689	2
5693	1
5694	2
5700	7
5704	2
5713	1
5714	1
5716	1
5717	1
5724	1
5725	1
5730	6
5731	1
5736	1
5747	1
5758	1
5767	1
5770	1
5773	1
5777	1
5780	1
5784	4
5788	1
5792	1
5794	1
5796	1
5800	1
5804	1
5806	7
5812	7
5815	1
5816	1
5817	2
5822	1
5823	1
5826	2
5829	1
5830	2
5832	1
5833	1
5835	1
5839	1
5842	2
5849	4
5852	1
5857	2
5861	1
5866	2
5867	1
5869	9
5872	1
5877	1
5884	11
5886	1
5893	1
5899	1
5907	6
5915	2
5924	1
5925	1
5934	1
5939	1
5949	1
5950	7
5953	1
5965	1
5974	1
5977	1
5979	1
5983	1
5986	8
5988	1
5995	1
5999	2
6000	1
6008	1
6010	1
6016	1
6019	1
6022	1
6023	2
6025	1
6026	6
6027	10
6031	6
6032	1
6033	1
6035	2
6037	2
6040	8
6046	1
6052	2
6056	1
6063	3
6067	1
6069	1
6070	5
6077	2
6080	1
6081	1
6091	1
6094	1
6099	1
6105	1
6113	3
6114	1
6117	1
6120	3
6127	1
6128	2
6130	1
6133	1
6145	8
6151	2
6160	2
6174	1
6184	1
6190	1
6191	1
6195	3
6196	4
6198	3
6199	2
6201	1
6205	1
6208	1
6211	3
6212	1
6213	1
6218	1
6226	1
6236	1
6250	1
6252	1
6255	3
6258	1
6261	1
6266	1
6267	3
6268	1
6274	1
6278	1
6281	1
6282	1
6284	1
6285	5
6286	7
6293	1
6297	1
6309	1
6310	5
6312	8
6317	2
6318	2
6319	1
6321	1
6329	1
6330	1
6335	2
6336	1
6337	6
6347	3
6350	1
6352	10
6354	4
6360	1
6361	4
6362	2
6366	1
6367	1
6368	3
6371	1
6376	1
6388	2
6391	1
6393	1
6394	2
6395	2
6396	1
6401	2
6402	5
6403	1
6404	4
6406	1
6411	1
6412	1
6418	1
6419	1
6421	4
6422	1
6428	2
6429	1
6432	1
6433	1
6441	1
6445	6
6446	3
6449	3
6461	1
6463	1
6466	1
6467	1
6468	2
6472	4
6473	1
6475	1
6476	1
6478	3
6479	2
6483	1
6485	1
6487	2
6489	1
6494	1
6500	2
6501	1
6502	1
6503	1
6504	1
6513	1
6522	1
6523	1
6525	7
6528	1
6531	1
6532	2
6535	2
6536	1
6538	4
6539	3
6541	7
6543	4
6544	1
6548	1
6552	1
6553	1
6555	2
6558	1
6566	1
6568	4
6573	9
6578	2
6582	3
6588	1
6589	1
6593	1
6601	1
6606	3
6609	2
6611	1
6612	1
6613	1
6616	1
6618	2
6622	2
6624	1
6625	2
6627	4
6628	6
6629	1
6633	5
6636	6
6638	7
6639	1
6640	1
6646	1
6647	1
6648	4
6651	1
6653	1
6656	2
6657	1
6658	1
6659	3
6663	2
6664	1
6665	1
6667	1
6671	1
6674	1
6675	2
6677	1
6681	3
6693	2
6695	3
6696	1
6701	6
6705	1
6706	5
6710	2
6713	1
6716	1
6720	2
6723	6
6726	3
6730	3
6731	2
6733	1
6740	4
6751	2
6757	1
6759	2
6762	5
6778	1
6780	1
6781	6
6786	1
6790	1
6791	1
6794	1
6797	1
6798	1
6802	1
6807	1
6808	1
6813	1
6826	2
6832	1
6840	2
6841	1
6843	5
6850	2
6853	1
6865	2
6867	1
6869	1
6870	1
6872	1
6874	2
6883	1
6884	1
6890	1
6896	8
6900	1
6901	2
6905	2
6907	2
6919	1
6926	3
6927	2
6936	5
6941	2
6943	4
6954	1
6957	1
6964	1
6968	4
6969	1
6971	1
6979	1
6982	2
6985	1
6990	3
7000	1
7003	1
7006	2
7007	1
7008	1
7011	7
7012	1
7013	1
7016	1
7021	1
7025	1
7027	1
7029	3
7031	1
7037	1
7039	1
7042	7
7043	3
7044	1
7050	1
7051	2
7058	1
7059	2
7063	1
7064	3
7070	2
7081	2
7083	2
7086	4
7091	1
7092	1
7097	1
7098	1
7100	1
7101	3
7104	2
7108	1
7113	6
7119	1
7122	1
7124	1
7143	1
7145	1
7153	2
7157	1
7162	1
7164	1
7165	2
7168	1
7170	1
7171	1
7173	1
7183	1
7185	1
7198	2
7204	1
7206	1
7224	2
7226	1
7237	1
7247	2
7255	1
7258	1
7259	1
7260	1
7267	3
7270	1
7272	1
7275	1
7279	8
7283	1
7292	1
7294	2
7295	1
7296	1
7299	6
7301	1
7303	4
7315	1
7318	3
7320	2
7321	1
7322	2
7323	1
7324	1
7326	1
7328	2
7331	1
7333	1
7340	1
7348	1
7358	1
7360	1
7365	1
7368	1
7374	1
7385	1
7389	1
7393	12
7395	1
7417	1
7420	12
7423	1
7425	1
7438	1
7440	1
7442	1
7448	1
7452	1
7471	2
7473	1
7474	1
7479	4
7482	2
7488	2
7504	1
7513	1
7519	1
7522	1
7528	8
7534	1
7540	2
7543	1
7553	1
7560	1
7562	1
7564	3
7573	3
7589	1
7597	1
7600	7
7604	2
7609	2
7621	1
7633	1
7661	1
7666	1
7675	1
7711	1
7716	1
7728	3
7732	4
7734	1
7735	6
7736	1
7740	1
7743	2
7749	3
7756	3
7759	1
7761	1
7764	2
7765	12
7766	2
7767	1
7768	3
7771	1
7773	1
7777	2
7789	1
7790	1
7792	1
7798	5
7800	1
7814	1
7815	2
7825	1
7831	1
7833	1
7834	10
7835	1
7837	1
7840	2
7843	1
7844	1
7849	1
7851	8
7855	1
7857	1
7858	1
7860	2
7863	1
7865	1
7869	3
7875	1
7876	1
7878	1
7881	1
7891	1
7902	1
7905	1
7918	1
7926	2
7936	5
7942	2
7945	6
7948	2
7954	3
7968	1
7969	1
7971	1
7973	1
7979	2
7981	1
7984	1
8001	1
8006	1
8011	1
8012	1
8016	6
8017	5
8022	7
8024	1
8025	3
8026	5
8027	2
8031	2
8041	1
8047	2
8052	1
8056	1
8059	1
8071	1
8072	1
8076	2
8077	1
8078	2
8082	1
8083	2
8085	1
8090	4
8092	6
8097	1
8098	1
8099	1
8102	2
8114	1
8123	1
8127	1
8131	4
8137	3
8139	5
8140	10
8141	1
8144	1
8146	2
8149	1
8151	1
8152	3
8157	1
8160	1
8166	1
8170	2
8171	1
8173	1
8175	2
8179	11
8188	1
8191	1
8208	5
8219	1
8223	1
8240	4
8247	1
8251	1
8252	1
8263	1
8264	1
8266	1
8278	2
8284	1
8287	2
8290	4
8293	2
8296	1
8299	5
8302	1
8303	1
8311	3
8316	1
8318	3
8320	3
8323	1
8326	4
8327	1
8334	3
8344	1
8352	1
8353	2
8359	2
8360	1
8371	2
8386	2
8389	2
8394	1
8399	1
8407	2
8408	1
8412	1
8413	2
8416	1
8425	1
8426	1
8427	1
8430	1
8431	1
8432	1
8433	1
8435	1
8436	1
8437	1
8442	1
8443	1
8446	1
8449	1
8466	1
8473	1
8480	3
8481	2
8512	1
8513	1
8522	1
8527	1
8536	2
8537	1
8548	5
8553	1
8554	1
8558	1
8562	1
8572	3
8574	1
8576	1
8578	1
8581	1
8587	1
8591	2
8595	2
8597	3
8599	2
8600	1
8602	2
8603	1
8605	1
8608	1
8612	1
8618	1
8619	1
8626	3
8637	1
8639	1
8645	1
8646	1
8647	1
8648	1
8651	12
8653	6
8655	14
8658	7
8659	1
8660	6
8664	3
8665	1
8679	1
8683	4
8692	2
8695	1
8703	1
8705	1
8707	1
8720	1
8730	1
8731	1
8733	1
8740	2
8742	1
8743	1
8748	3
8752	2
8760	1
8763	1
8764	1
8772	1
8779	1
8782	2
8788	2
8802	3
8809	2
8811	1
8814	1
8818	5
8829	1
8836	1
8841	1
8845	2
8849	1
8851	2
8855	1
8860	1
8861	1
8871	1
8872	1
8885	1
8887	1
8892	2
8893	1
8895	1
8897	1
8905	2
8917	11
8920	1
8929	1
8934	1
8936	1
8937	2
8939	1
8946	1
8947	1
8950	5
8956	2
8964	3
8965	1
8977	1
8980	1
8982	1
8983	1
8986	1
8987	1
9013	1
9019	1
9022	1
9036	1
9042	2
9049	1
9050	1
9058	2
9072	1
9073	1
9080	2
9083	1
9085	2
9105	2
9111	1
9116	1
9118	3
9120	4
9130	4
9133	3
9142	4
9144	1
9148	1
9151	2
9153	2
9154	1
9163	1
9165	2
9166	3
9172	1
9190	4
9196	1
9202	1
9203	1
9204	3
9205	1
9207	1
9208	1
9214	3
9223	1
9246	8
9259	1
9264	3
9278	1
9286	4
9295	1
9298	1
9301	1
9316	1
9319	4
9328	1
9333	4
9344	5
9346	1
9348	1
9358	1
9360	1
9361	1
9365	1
9377	1
9389	3
9392	1
9397	2
9400	1
9407	2
9409	3
9420	1
9429	1
9430	18
9431	1
9434	2
9436	1
9438	4
9439	1
9443	2
9453	1
9469	2
9471	1
9473	1
9474	5
9477	1
9479	4
9483	1
9485	2
9487	2
9490	1
9491	1
9498	2
9500	1
9501	1
9508	1
9511	1
9512	1
9514	1
9515	2
9519	1
9520	1
9521	2
9524	1
9526	3
9532	2
9534	1
9538	1
9540	1
9541	1
9544	1
9545	1
9555	1
9559	7
9561	4
9565	4
9574	1
9580	1
9586	1
9588	2
9592	1
9596	1
9598	1
9605	1
9611	5
9614	1
9619	1
9622	1
9630	1
9634	1
9652	1
9661	1
9676	2
9679	1
9693	10
9697	1
9700	2
9707	1
9711	5
9712	3
9721	1
9724	2
9733	4
9737	1
9738	1
9745	1
9756	1
9766	1
9774	1
9778	1
9799	1
9802	2
9803	2
9804	1
9805	3
9810	1
9811	2
9848	2
9854	1
9856	2
9857	3
9859	1
9860	1
9861	1
9866	2
9869	1
9873	1
9874	1
9875	1
9877	1
9880	1
9886	1
9887	1
9891	5
9893	2
9900	2
9907	1
9915	1
9924	3
9928	6
9931	2
9940	1
9943	2
9946	1
9950	1
9952	1
9957	1
9961	1
9962	1
9967	8
9973	1
9976	1
9979	5
9982	1
9984	1
9985	2
9988	4
9991	1
9996	4
10009	3
10015	1
10018	1
10029	14
10030	5
10036	1
10038	1
10039	6
10042	1
10051	1
10074	1
10075	1
10078	9
10081	1
10089	1
10090	1
10093	1
10097	5
10099	1
10103	1
10104	1
10112	1
10124	1
10129	1
10138	9
10144	1
10150	1
10156	6
10157	1
10159	1
10165	1
10181	1
10183	3
10186	1
10188	2
10191	1
10192	1
10195	1
10198	2
10201	2
10202	3
10204	1
10207	1
10225	1
10228	4
10236	1
10237	1
10244	1
10249	2
10252	6
10255	1
10265	4
10266	1
10267	1
10270	1
10279	4
10280	1
10282	1
10283	1
10286	1
10287	3
10291	1
10296	1
10301	1
10313	1
10317	2
10318	1
10319	1
10323	36
10330	1
10335	3
10336	1
10340	4
10341	3
10345	1
10349	1
10351	1
10360	3
10364	1
10369	9
10372	1
10376	5
10377	2
10396	4
10400	1
10401	1
10408	1
10411	1
10422	1
10440	1
10448	2
10449	5
10450	6
10453	1
10456	4
10459	1
10474	1
10480	1
10495	1
10496	1
10507	7
10508	1
10519	1
10523	3
10525	3
10533	3
10537	3
10540	1
10556	1
10560	1
10561	1
10564	2
10567	1
10582	7
10594	1
10604	1
10605	1
10606	1
10610	2
10612	1
10613	1
10614	1
10615	4
10616	1
10617	1
10618	3
10625	1
10626	4
10631	2
10632	1
10634	1
10641	4
10642	6
10645	1
10647	2
10660	1
10667	2
10676	1
10681	1
10688	2
10691	1
10702	8
10705	2
10712	2
10714	1
10724	1
10726	1
10737	2
10741	5
10747	2
10748	1
10751	2
10754	1
10755	3
10759	1
10762	1
10771	1
10775	1
10778	1
10782	1
10789	6
10790	1
10792	1
10793	2
10794	1
10795	1
10798	1
10802	2
10804	1
10829	1
10833	9
10834	2
10835	1
10850	1
10851	1
10854	2
10868	2
10870	13
10871	1
10873	1
10874	1
10882	2
10887	1
10889	1
10904	2
10908	1
10912	1
10916	1
10918	1
10931	1
10933	1
10939	1
10948	1
10954	3
10955	1
10969	4
10972	1
10974	2
10977	1
10978	1
10979	1
10981	1
10986	1
10987	1
10992	1
10993	1
10994	1
10996	2
10997	1
11000	1
11001	1
11003	1
11005	3
11008	1
11017	1
11018	1
11020	2
11029	1
11036	3
11045	1
11046	1
11050	4
11058	3
11062	2
11067	3
11072	1
11074	5
11078	1
11080	1
11083	78
11092	1
11094	2
11095	4
11102	1
11103	2
11109	6
11117	4
11124	2
11128	1
11132	1
11134	1
11139	2
11142	1
11144	1
11146	1
11152	6
11158	1
11161	1
11171	1
11173	2
11195	8
11200	3
11204	1
11208	3
11211	3
11212	1
11222	5
11224	5
11228	2
11230	5
11235	1
11243	2
11244	1
11246	1
11249	2
11259	1
11266	2
11267	1
11272	2
11278	1
11283	1
11290	1
11291	3
11293	1
11296	1
11300	1
11306	2
11310	1
11323	1
11325	1
11326	2
11330	1
11335	6
11338	1
11339	4
11341	1
11343	1
11344	1
11345	3
11365	1
11374	1
11375	1
11379	3
11396	3
11401	1
11407	2
11408	1
11410	2
11416	1
11417	19
11418	2
11420	1
11422	1
11428	1
11430	1
11439	1
11442	1
11447	4
11448	1
11449	1
11451	2
11454	1
11455	6
11464	1
11470	1
11471	1
11475	1
11479	1
11496	1
11497	2
11506	1
11507	1
11514	8
11518	3
11521	7
11528	1
11530	2
11533	1
11540	3
11541	1
11547	1
11552	3
11554	1
11556	1
11557	2
11559	1
11562	2
11565	2
11572	6
11573	1
11575	5
11581	1
11587	1
11591	2
11595	2
11596	1
11620	9
11629	1
11630	1
11634	1
11645	1
11653	5
11659	1
11663	1
11665	2
11668	1
11670	1
11671	2
11674	7
11683	1
11685	1
11693	2
11704	5
11719	1
11725	1
11737	1
11743	1
11744	1
11745	2
11747	14
11749	1
11750	5
11752	6
11758	7
11761	2
11764	2
11767	2
11772	1
11776	1
11779	1
11781	2
11782	8
11790	1
11801	1
11812	1
11821	1
11824	7
11831	1
11833	4
11835	1
11840	1
11842	4
11848	1
11851	3
11866	6
11867	1
11878	1
11884	1
11886	1
11888	1
11890	1
11893	1
11908	1
11914	1
11916	6
11919	4
11939	2
11940	1
11941	7
11947	1
11953	2
11956	6
11959	1
11960	1
11962	8
11967	1
11969	1
11974	2
11983	5
11989	1
11991	4
12003	1
12005	1
12008	2
12014	1
12019	1
12020	2
12025	3
12028	1
12031	1
12034	1
12043	2
12044	1
12049	4
12052	1
12053	5
12066	1
12067	5
12068	3
12070	6
12071	1
12072	1
12073	9
12075	1
12076	6
12081	1
12083	1
12084	2
12085	5
12100	4
12103	1
12111	1
12115	4
12116	2
12119	3
12121	2
12122	1
12124	2
12128	1
12130	2
12134	1
12138	1
12139	1
12141	1
12153	1
12162	1
12163	2
12166	1
12167	1
12171	1
12180	1
12184	1
12188	1
12189	1
12191	6
12194	1
12197	1
12202	2
12205	1
12212	1
12225	2
12234	1
12238	1
12242	3
12243	2
12245	1
12253	1
12280	1
12295	2
12297	1
12304	1
12312	3
12313	1
12315	1
12318	2
12322	1
12325	2
12329	1
12331	1
12342	1
12356	1
12357	2
12358	1
12367	3
12369	2
12373	1
12374	1
12393	1
12400	6
12406	2
12410	2
12412	4
12415	2
12433	1
12436	1
12439	10
12448	2
12454	1
12455	2
12459	2
12464	1
12469	2
12473	2
12478	1
12484	8
12488	2
12501	1
12503	3
12512	1
12513	7
12514	8
12519	2
12525	11
12533	1
12534	4
12540	1
12545	2
12546	1
12554	2
12557	1
12559	3
12562	1
12565	3
12577	1
12578	1
12599	1
12600	1
12616	1
12623	3
12628	1
12631	1
12634	1
12644	1
12649	1
12651	6
12652	1
12655	2
12661	3
12663	2
12664	1
12672	3
12674	1
12676	2
12688	1
12697	1
12708	1
12721	1
12733	2
12737	1
12741	1
12745	1
12747	2
12748	1
12749	1
12751	2
12754	1
12755	1
12756	1
12759	2
12763	2
12768	1
12769	4
12778	3
12781	9
12784	2
12786	2
12789	5
12792	1
12793	1
12794	1
12795	1
12797	1
12805	1
12809	7
12815	2
12820	3
12823	4
12824	1
12830	1
12841	1
12850	1
12853	1
12854	2
12870	1
12875	1
12878	1
12880	5
12881	1
12885	2
12886	1
12897	1
12901	1
12910	1
12911	1
12916	1
12919	3
12924	5
12932	2
12933	3
12938	1
12964	2
12965	1
12967	1
12970	2
12973	1
12974	2
12988	2
12989	1
12998	1
13003	1
13006	1
13009	1
13011	3
13019	3
13024	1
13027	1
13045	2
13046	3
13047	1
13051	2
13059	3
13094	1
13102	1
13105	1
13115	2
13119	2
13126	3
13133	1
13136	1
13138	1
13140	1
13144	1
13153	2
13176	1
13183	1
13192	1
13195	1
13197	1
13199	1
13201	6
13204	1
13207	2
13212	1
13213	1
13216	2
13222	1
13225	4
13237	1
13241	1
13249	4
13252	1
13255	2
13258	1
13261	1
13264	1
13273	2
13274	1
13279	1
13285	1
13288	3
13297	4
13326	5
13329	3
13335	6
13336	1
13338	1
13339	1
13342	1
13345	2
13348	4
13355	1
13356	3
13365	1
13367	1
13368	1
13377	1
13378	3
13380	1
13381	1
13384	1
13396	1
13422	1
13423	1
13426	3
13431	2
13432	2
13435	1
13436	2
13444	1
13452	1
13458	2
13459	3
13465	1
13487	5
13494	1
13498	1
13503	1
13505	1
13506	1
13510	1
13515	1
13517	4
13536	9
13548	2
13551	2
13552	1
13554	2
13559	1
13566	1
13567	2
13568	1
13571	3
13572	1
13584	2
13599	1
13617	4
13618	1
13620	3
13627	1
13629	1
13632	1
13647	2
13653	2
13665	7
13667	3
13670	1
13671	2
13680	1
13683	1
13689	1
13693	1
13694	4
13697	1
13701	2
13708	1
13711	1
13712	5
13713	1
13715	1
13720	1
13721	4
13722	1
13723	1
13730	3
13734	1
13743	2
13756	1
13762	1
13763	1
13764	1
13765	1
13768	2
13769	1
13772	1
13783	1
13788	1
13803	1
13805	1
13812	2
13821	2
13822	1
13829	1
13835	1
13838	1
13849	1
13858	1
13860	5
13862	4
13868	1
13887	1
13888	1
13889	1
13890	1
13892	1
13898	1
13902	1
13904	1
13911	2
13919	1
13920	2
13921	2
13923	3
13935	1
13938	1
13944	2
13945	1
13947	1
13949	1
13950	1
13951	1
13954	1
13957	2
13958	1
13959	1
13960	2
13962	1
13965	2
13967	1
13974	1
13975	3
13993	1
13994	6
14016	2
14021	1
14028	2
14033	1
14034	2
14041	4
14044	1
14055	4
14058	1
14064	1
14067	1
14081	1
14085	1
14097	2
14103	1
14117	2
14118	4
14119	3
14120	12
14125	1
14126	1
14131	1
14145	1
14167	1
14171	1
14172	1
14177	1
14178	5
14181	1
14183	3
14184	6
14186	1
14187	2
14189	2
14191	1
14195	1
14198	1
14199	2
14202	1
14209	2
14211	1
14214	1
14220	4
14222	2
14230	2
14235	1
14237	1
14245	2
14246	1
14247	1
14250	2
14262	3
14265	1
14268	2
14274	2
14280	1
14290	3
14294	1
14313	4
14316	2
14318	3
14322	4
14325	1
14335	1
14345	1
14358	2
14361	1
14362	2
14369	1
14371	6
14373	1
14396	2
14398	1
14403	1
14407	5
14408	9
14414	1
14422	1
14425	2
14430	1
14442	1
14443	1
14452	1
14459	1
14463	1
14475	1
14478	1
14484	1
14486	1
14491	1
14500	6
14515	2
14518	1
14550	1
14551	1
14565	1
14568	1
14571	1
14575	2
14576	1
14580	2
14583	2
14584	3
14585	3
14587	1
14588	2
14593	2
14595	1
14599	9
14616	1
14619	2
14622	1
14625	1
14631	1
14632	2
14634	2
14636	1
14638	2
14643	1
14646	3
14648	1
14649	1
14653	5
14654	1
14657	1
14670	3
14676	7
14688	2
14700	1
14703	2
14708	1
14710	1
14712	2
14718	1
14721	1
14724	14
14736	1
14741	1
14748	1
14760	1
14767	1
14768	2
14769	1
14771	1
14772	2
14773	1
14774	2
14775	1
14786	3
14790	2
14791	1
14796	1
14802	3
14803	1
14805	9
14808	2
14809	1
14829	1
14835	1
14837	1
14838	2
14847	1
14854	1
14857	1
14862	1
14870	1
14873	1
14874	2
14877	6
14883	1
14889	1
14890	1
14895	1
14903	1
14912	1
14913	4
14919	1
14925	7
14928	1
14931	1
14937	7
14943	1
14949	2
14961	1
14966	1
14979	1
14980	1
14999	1
15002	3
15003	1
15017	4
15024	2
15025	2
15026	7
15037	1
15046	1
15081	3
15087	1
15096	2
15108	1
15114	1
15117	1
15126	2
15141	6
15144	1
15167	1
15180	4
15181	1
15189	1
15194	2
15199	1
15212	2
15213	1
15216	5
15222	4
15226	1
15228	1
15235	1
15237	7
15240	13
15243	1
15249	1
15253	1
15257	1
15260	2
15261	1
15271	1
15273	2
15276	1
15277	7
15279	3
15283	1
15285	1
15295	1
15297	1
15315	3
15317	1
15324	10
15327	2
15338	1
15352	6
15359	1
15368	2
15372	6
15380	6
15406	5
15411	1
15420	1
15426	1
15427	1
15429	1
15437	1
15438	6
15439	1
15444	3
15450	2
15451	3
15452	1
15462	1
15465	1
15477	2
15480	2
15492	2
15519	1
15530	1
15534	1
15540	7
15543	2
15546	1
15556	1
15557	1
15564	1
15575	2
15579	7
15588	1
15594	4
15598	1
15600	1
15606	1
15613	2
15615	1
15618	1
15626	1
15640	1
15642	1
15649	2
15652	1
15654	10
15656	5
15664	2
15666	1
15669	1
15672	1
15678	1
15682	1
15684	1
15696	1
15714	4
15720	9
15732	1
15738	8
15744	1
15752	1
15756	2
15760	2
15763	3
15765	1
15766	3
15768	2
15771	1
15779	2
15780	1
15810	4
15824	1
15831	1
15834	1
15842	2
15843	1
15848	6
15852	1
15857	6
15859	1
15867	1
15873	1
15888	1
15892	1
15900	1
15906	8
15907	3
15908	1
15919	2
15921	1
15923	1
15924	4
15925	3
15927	1
15933	1
15939	1
15945	2
15951	3
15952	5
15957	4
15960	7
15972	2
15978	1
15981	1
15982	5
15984	1
15988	1
16011	1
16012	1
16014	1
16020	1
16023	1
16024	1
16038	1
16041	1
16044	2
16049	1
16062	3
16065	1
16073	1
16075	3
16078	1
16083	1
16084	1
16092	7
16101	1
16111	5
16117	3
16128	1
16153	1
16158	1
16163	4
16168	1
16172	1
16173	2
16176	2
16178	5
16179	1
16192	1
16193	1
16197	1
16206	2
16207	1
16217	1
16222	1
16242	2
16245	1
16246	1
16247	1
16260	5
16274	1
16288	1
16289	2
16290	1
16293	4
16301	1
16304	1
16305	1
16308	4
16311	1
16317	1
16323	6
16329	5
16332	1
16336	1
16338	3
16343	1
16348	1
16349	4
16362	4
16365	1
16375	2
16376	4
16377	3
16381	1
16386	1
16390	2
16391	1
16393	1
16394	9
16395	2
16396	2
16409	1
16413	1
16425	2
16427	1
16428	3
16431	1
16434	1
16439	1
16443	1
16449	1
16456	3
16457	4
16461	1
16466	1
16467	1
16468	2
16474	5
16479	2
16480	1
16482	1
16490	1
16509	1
16521	1
16539	1
16541	1
16542	1
16548	1
16554	1
16566	1
16568	1
16572	1
16575	4
16580	2
16593	1
16596	1
16597	1
16603	1
16605	1
16606	1
16607	1
16611	1
16616	7
16622	2
16626	1
16644	1
16647	9
16650	2
16652	1
16654	1
16656	3
16675	2
16680	1
16694	2
16700	1
16707	1
16710	1
16716	2
16722	1
16726	6
16728	3
16733	4
16734	4
16740	1
16741	6
16742	1
16743	1
16744	1
16748	1
16750	4
16762	1
16764	1
16767	2
16795	2
16806	1
16813	1
16820	1
16833	2
16839	1
16841	1
16852	1
16853	2
16864	1
16866	1
16870	1
16877	2
16878	1
16885	1
16887	29
16889	1
16897	1
16899	1
16906	1
16907	1
16912	1
16914	1
16915	4
16917	2
16923	1
16926	1
16929	1
16932	1
16935	6
16937	1
16938	2
16939	1
16944	1
16945	1
16946	3
16947	1
16948	1
16949	2
16950	1
16952	4
16954	6
16956	1
16959	1
16975	1
16977	1
16978	1
16985	1
16993	7
16995	2
16997	1
17000	2
17001	1
17002	2
17004	5
17007	1
17008	2
17010	4
17011	1
17014	5
17016	1
17017	1
17019	8
17023	1
17027	1
17028	1
17032	1
17040	1
17056	1
17058	6
17060	1
17061	1
17067	1
17074	2
17082	1
17091	1
17104	3
17118	2
17122	5
17125	8
17127	1
17130	1
17135	3
17137	1
17138	1
17139	1
17151	1
17154	2
17169	1
17172	4
17177	1
17178	1
17184	1
17193	2
17199	1
17200	2
17211	1
17213	1
17220	1
17223	1
17236	1
17242	1
17247	2
17249	2
17252	1
17254	1
17259	7
17268	2
17274	2
17278	2
17279	1
17280	3
17285	4
17288	5
17302	2
17304	7
17322	1
17323	1
17325	1
17326	4
17331	5
17332	1
17333	1
17334	3
17336	1
17337	1
17338	1
17339	7
17347	1
17355	1
17358	1
17367	1
17370	1
17373	4
17375	1
17393	2
17394	1
17403	2
17407	1
17409	1
17410	3
17421	2
17423	1
17427	4
17428	1
17431	1
17436	3
17440	2
17442	1
17444	1
17449	1
17469	1
17470	3
17474	2
17478	2
17482	1
17483	1
17484	1
17485	1
17497	1
17502	10
17514	1
17518	12
17523	2
17528	2
17529	1
17550	7
17553	1
17557	1
17559	1
17561	2
17562	5
17569	1
17571	1
17572	2
17590	1
17592	1
17593	1
17597	1
17608	2
17614	1
17615	5
17621	1
17631	1
17632	3
17634	1
17636	2
17637	2
17639	3
17641	1
17642	1
17645	1
17649	1
17658	3
17676	11
17678	7
17679	7
17686	3
17688	1
17690	3
17691	1
17697	2
17703	1
17706	1
17707	1
17709	2
17721	5
17730	3
17733	3
17734	1
17735	1
17736	1
17738	1
17739	1
17743	1
17745	7
17746	5
17747	8
17748	1
17749	1
17750	2
17751	1
17753	1
17756	1
17761	1
17762	1
17764	1
17766	5
17784	1
17790	1
17793	1
17795	2
17802	1
17811	1
17814	3
17815	1
17822	1
17832	1
17838	1
17841	2
17844	1
17850	2
17858	1
17859	1
17876	2
17877	1
17886	1
17895	1
17898	1
17913	1
17922	1
17929	1
17937	1
17939	1
17943	1
17944	6
17959	1
17964	3
17970	1
17972	1
17977	5
17985	1
17988	2
17994	1
17999	8
18002	2
18003	1
18008	1
18027	2
18028	3
18029	3
18032	7
18040	3
18047	1
18049	2
18053	1
18060	7
18064	1
18079	4
18082	1
18083	2
18084	1
18085	1
18086	9
18087	1
18088	1
18093	1
18096	2
18100	2
18103	1
18105	4
18106	1
18109	1
18111	2
18115	6
18117	1
18118	1
18129	2
18131	5
18132	2
18138	1
18144	1
18149	1
18153	1
18158	1
18162	1
18166	2
18167	5
18169	1
18175	4
18176	2
18183	2
18186	5
18188	1
18189	2
18204	1
18207	2
18213	3
18221	1
18225	4
18237	1
18252	8
18255	4
18259	2
18261	2
18263	1
18264	1
18267	1
18270	1
18281	2
18292	3
18298	2
18303	2
18306	1
18311	1
18312	3
18315	3
18318	5
18322	1
18326	3
18348	3
18351	1
18360	1
18363	1
18377	11
18382	1
18388	1
18390	1
18393	1
18394	1
18395	2
18397	2
18400	1
18412	6
18417	3
18421	1
18424	1
18426	1
18429	1
18431	1
18433	1
18436	1
18449	1
18452	3
18456	1
18457	1
18462	3
18463	1
18466	1
18468	1
18469	1
18471	1
18474	1
18480	1
18483	1
18486	9
18488	1
18490	1
18492	1
18493	1
18496	1
18498	4
18501	1
18508	6
18513	1
18519	1
18520	2
18526	6
18538	8
18543	1
18544	1
18555	11
18557	2
18568	3
18569	1
18570	3
18574	1
18576	2
18582	3
18583	1
18591	2
18603	3
18615	1
18618	1
18627	2
18647	3
18651	4
18653	1
18654	3
18656	1
18657	2
18660	1
18670	2
18671	1
18677	2
18681	2
18686	1
18687	5
18693	1
18694	1
18697	1
18698	2
18703	2
18705	1
18706	1
18723	1
18735	1
18736	3
18741	1
18744	7
18745	1
18747	8
18753	1
18756	4
18763	1
18777	1
18781	1
18788	10
18795	1
18796	2
18801	1
18803	3
18804	2
18808	1
18812	2
18813	1
18814	5
18816	2
18826	2
18828	5
18840	1
18844	1
18855	1
18859	6
18877	8
18885	4
18888	4
18894	1
18898	2
18903	1
18907	2
18909	1
18912	1
18927	1
18928	5
18932	1
18941	1
18942	1
18948	1
18951	3
18969	1
18972	1
18973	1
18981	2
18984	4
18985	3
18986	1
18992	1
18994	1
18997	1
18998	1
19000	1
19006	1
19009	3
19011	4
19017	9
19018	4
19020	1
19027	1
19029	2
19032	3
19060	1
19065	2
19072	7
19073	1
19078	1
19079	1
19083	1
19086	5
19092	1
19101	2
19104	1
19109	2
19117	1
19118	1
19119	1
19125	1
19132	1
19137	1
19140	2
19145	1
19152	1
19154	1
19158	1
19159	1
19162	1
19164	2
19170	8
19174	1
19175	2
19180	2
19185	7
19186	5
19188	1
19215	1
19216	1
19221	1
19227	1
19231	1
19239	1
19245	1
19246	1
19257	1
19263	1
19264	3
19269	10
19273	4
19275	1
19289	1
19290	1
19295	1
19299	2
19300	1
19311	2
19312	2
19317	1
19325	1
19328	2
19332	1
19334	2
19337	1
19340	2
19343	1
19348	1
19364	1
19367	1
19374	2
19383	1
19386	2
19390	1
19392	2
19398	2
19402	2
19404	1
19405	1
19419	2
19420	1
19443	2
19455	1
19460	2
19476	2
19480	1
19484	1
19488	7
19494	1
19497	1
19499	1
19509	2
19512	2
19518	4
19524	13
19539	1
19542	8
19547	2
19548	2
19549	2
19554	2
19572	2
19578	1
19584	2
19586	4
19587	1
19590	2
19593	1
19602	3
19608	1
19632	1
19645	3
19648	3
19652	1
19656	9
19658	1
19659	1
19662	5
19667	1
19674	1
19677	4
19684	6
19685	1
19687	1
19690	1
19694	1
19698	1
19702	1
19703	1
19709	1
19713	1
19718	12
19723	2
19725	1
19726	1
19732	3
19735	2
19736	1
19763	3
19764	1
19765	1
19767	1
19770	1
19771	1
19782	1
19789	1
19791	1
19796	1
19800	1
19803	1
19806	1
19807	1
19812	2
19813	2
19816	7
19818	1
19820	1
19821	2
19825	1
19827	1
19839	11
19842	1
19854	2
19858	1
19859	1
19862	2
19863	1
19865	1
19868	1
19872	3
19875	1
19881	2
19882	1
19884	4
19891	2
19899	1
19900	1
19920	1
19926	1
19942	1
19944	1
19947	3
19952	1
19955	8
19960	2
19961	1
19962	6
19969	1
19974	1
19981	2
19983	11
19999	2
20001	1
20002	2
20003	1
20004	1
20006	2
20008	1
20011	1
20014	2
20019	1
20028	1
20030	1
20031	2
20047	2
20055	7
20056	1
20059	2
20060	2
20068	1
20069	2
20080	1
20081	1
20102	4
20103	1
20104	4
20115	1
20117	1
20122	1
20128	1
20132	3
20133	4
20134	4
20148	4
20163	2
20164	1
20176	3
20178	12
20187	1
20199	3
20207	1
20208	2
20219	1
20225	1
20233	5
20234	3
20235	4
20238	2
20241	1
20244	1
20247	3
20254	1
20255	1
20259	1
20262	6
20265	1
20268	8
20270	1
20273	1
20274	6
20275	3
20280	1
20283	4
20284	1
20287	1
20294	1
20297	1
20301	1
20302	1
20312	1
20316	2
20320	2
20331	1
20346	1
20348	1
20355	1
20367	1
20374	2
20376	1
20380	1
20384	7
20387	1
20389	4
20393	1
20394	2
20397	2
20398	1
20402	6
20404	5
20405	5
20407	3
20424	2
20428	1
20429	3
20432	2
20436	2
20451	1
20452	1
20457	1
20460	1
20464	2
20468	2
20469	1
20472	1
20474	1
20477	2
20480	2
20481	1
20482	1
20483	3
20484	1
20487	1
20489	1
20491	1
20494	1
20500	1
20518	1
20520	2
20524	1
20527	2
20537	1
20539	1
20543	1
20544	3
20548	1
20555	1
20569	1
20578	7
20580	4
20583	1
20592	1
20594	1
20596	1
20622	1
20623	1
20624	1
20628	4
20629	4
20639	1
20644	2
20645	1
20647	1
20649	1
20661	1
20664	2
20668	2
20670	2
20675	2
20676	2
20677	1
20679	7
20691	1
20692	1
20698	1
20703	3
20708	1
20709	1
20718	3
20719	3
20734	2
20735	1
20736	1
20739	2
20742	2
20748	1
20751	1
20752	1
20753	1
20755	2
20756	1
20757	1
20759	11
20762	8
20767	1
20775	2
20787	1
20799	1
20801	1
20805	1
20808	1
20817	2
20822	1
20823	7
20825	2
20826	1
20840	1
20844	2
20845	1
20853	2
20868	1
20873	1
20874	1
20891	6
20892	1
20895	2
20896	1
20897	1
20898	1
20901	1
20919	1
20928	1
20930	2
20931	6
20936	1
20937	4
20940	2
20946	1
20949	1
20950	1
20952	1
20955	1
20956	1
20962	1
20964	1
20970	1
20976	1
20987	1
20988	1
20991	1
20992	1
20995	3
21004	3
21005	3
21008	1
21014	1
21015	1
21017	1
21024	1
21034	4
21036	2
21040	1
21043	1
21055	1
21057	4
21058	2
21077	3
21080	1
21081	1
21087	3
21099	2
21100	1
21108	1
21110	5
21111	1
21123	5
21131	2
21135	1
21137	17
21138	1
21141	1
21142	3
21145	3
21154	1
21157	1
21158	1
21160	3
21163	2
21165	1
21166	3
21169	1
21173	1
21179	1
21191	2
21193	4
21194	1
21196	1
21201	1
21203	2
21204	2
21210	1
21214	1
21216	1
21219	2
21220	1
21221	1
21222	1
21233	2
21234	4
21242	1
21248	1
21249	1
21254	2
21255	6
21264	1
21268	1
21291	1
21292	1
21294	1
21295	2
21296	1
21299	1
21301	1
21302	3
21304	9
21305	7
21306	4
21322	1
21323	1
21325	1
21330	1
21339	2
21342	1
21352	1
21354	1
21356	1
21357	1
21359	1
21364	3
21365	5
21369	2
21372	3
21390	1
21407	1
21422	1
21431	2
21440	1
21447	1
21452	3
21457	1
21458	3
21459	2
21464	1
21468	7
21485	1
21513	2
21516	2
21518	1
21526	1
21538	3
21541	1
21543	2
21549	1
21550	1
21551	2
21552	3
21559	1
21562	1
21570	2
21571	2
21575	51
21578	2
21579	1
21580	1
21584	1
21586	1
21588	1
21590	1
21595	5
21597	7
21600	3
21602	1
21603	1
21604	5
21606	1
21608	1
21613	2
21614	20
21616	1
21618	2
21621	5
21622	4
21624	7
21625	1
21627	4
21628	1
21629	1
21637	1
21638	3
21639	2
21641	6
21643	1
21644	1
21646	3
21648	4
21654	1
21658	3
21660	1
21663	1
21664	1
21665	1
21666	1
21668	1
21682	1
21691	5
21694	1
21707	11
21711	1
21713	1
21714	1
21717	1
21718	1
21721	3
21722	1
21724	11
21727	6
21732	1
21736	2
21738	1
21742	7
21753	1
21757	1
21760	1
21761	1
21762	6
21764	1
21765	1
21767	1
21768	1
21769	2
21770	1
21772	4
21774	2
21775	1
21776	1
21778	1
21784	1
21785	2
21786	5
21789	4
21792	1
21800	11
21801	5
21802	4
21805	1
21807	1
21808	1
21809	3
21811	9
21812	1
21817	1
21830	2
21835	1
21836	2
21837	1
21838	1
21839	2
21840	1
21841	1
21842	1
21843	1
21846	8
21847	1
21850	2
21855	7
21858	1
21859	5
21867	2
21868	1
21881	1
21883	1
21886	2
21889	1
21892	1
21893	4
21897	1
21901	1
21904	1
21910	4
21917	2
21920	1
21925	1
21928	2
21931	1
21941	2
21952	1
21960	1
21973	1
21974	16
21976	1
21985	5
21987	1
21989	3
21994	1
21997	4
21998	1
22000	3
22003	1
22009	2
22011	1
22013	1
22016	3
22017	2
22018	1
22020	6
22021	7
22022	2
22024	1
22025	1
22026	3
22028	1
22029	1
22030	3
22033	3
22042	1
22050	1
22051	2
22053	1
22062	1
22072	1
22073	1
22075	1
22079	1
22080	1
22082	2
22083	1
22086	1
22088	3
22090	1
22092	1
22093	2
22094	1
22095	2
22097	1
22104	3
22107	2
22110	2
22118	1
22120	5
22127	1
22132	3
22135	2
22151	1
22153	1
22154	1
22155	2
22156	1
22162	1
22165	1
22177	1
22179	1
22192	1
22194	1
22200	1
22201	1
22203	2
22205	4
22206	7
22207	2
22210	1
22213	1
22214	1
22217	1
22224	2
22225	10
22226	2
22227	9
22238	2
22241	1
22244	1
22249	2
22255	2
22257	1
22259	1
22264	3
22270	1
22272	2
22281	2
22283	1
22289	2
22292	1
22293	1
22295	3
22297	1
22299	2
22303	1
22306	1
22308	1
22309	1
22310	1
22311	2
22313	1
22317	1
22318	1
22320	2
22323	2
22326	1
22328	1
22329	2
22330	1
22332	1
22334	2
22335	1
22338	1
22339	1
22343	3
22344	2
22346	5
22348	1
22349	2
22350	1
22354	1
22363	2
22369	1
22377	1
22381	1
22388	6
22398	1
22404	3
22408	2
22413	1
22420	1
22422	1
22426	1
22432	4
22435	1
22441	1
22444	10
22447	1
22450	10
22453	1
22456	1
22465	1
22466	1
22468	8
22469	1
22474	1
22475	1
22477	1
22480	5
22482	4
22484	5
22487	2
22495	1
22498	4
22502	1
22509	1
22514	1
22520	1
22525	2
22526	1
22527	1
22528	1
22530	2
22541	1
22549	1
22550	2
22552	1
22564	1
22567	1
22591	3
22594	2
22599	1
22604	3
22616	1
22618	1
22623	1
22624	4
22627	1
22630	1
22634	1
22635	1
22638	2
22661	4
22666	1
22675	7
22676	1
22678	1
22687	5
22690	1
22701	1
22706	4
22708	1
22713	7
22720	2
22729	2
22730	1
22747	6
22771	1
22777	1
22778	1
22783	1
22785	3
22801	8
22803	1
22812	1
22813	2
22820	1
22825	1
22837	1
22841	2
22855	1
22858	5
22867	1
22873	2
22879	3
22882	2
22891	1
22893	1
22894	1
22900	1
22907	1
22912	1
22915	1
22916	1
22917	3
22918	4
22920	2
22933	2
22938	2
22945	1
22950	1
22958	1
22959	1
22965	1
22971	1
22972	1
22978	1
22981	1
22987	12
22992	9
22993	5
22995	2
23004	1
23005	3
23010	1
23012	16
23014	1
23015	1
23018	3
23029	4
23030	1
23031	2
23036	1
23042	5
23050	1
23056	1
23058	1
23063	4
23064	4
23071	1
23083	1
23084	1
23086	5
23098	1
23099	1
23108	1
23113	1
23114	3
23120	6
23122	1
23125	2
23126	3
23127	5
23128	2
23131	1
23148	1
23149	1
23164	1
23170	2
23172	1
23179	1
23185	4
23188	2
23191	4
23198	1
23202	1
23203	1
23208	1
23221	1
23227	2
23228	1
23230	1
23236	7
23240	1
23243	1
23248	5
23255	3
23260	1
23270	2
23271	1
23277	5
23280	2
23282	3
23285	5
23287	2
23299	2
23308	1
23311	8
23315	1
23320	5
23324	1
23353	1
23365	1
23374	1
23380	4
23383	1
23401	5
23402	1
23403	13
23405	1
23407	2
23410	1
23414	1
23415	1
23416	3
23422	5
23426	3
23429	1
23431	2
23434	1
23435	1
23438	6
23439	1
23443	1
23449	1
23453	2
23457	1
23465	1
23470	1
23474	1
23475	1
23476	2
23477	2
23481	5
23485	1
23502	1
23503	1
23510	1
23518	1
23522	5
23523	1
23525	5
23530	1
23533	4
23534	3
23535	1
23536	5
23539	1
23551	2
23557	5
23564	1
23569	1
23570	2
23575	1
23580	1
23583	1
23584	1
23585	1
23586	6
23587	20
23589	2
23590	1
23591	1
23592	2
23593	21
23595	1
23597	1
23598	1
23599	8
23602	1
23604	22
23605	1
23608	13
23611	3
23613	1
23624	1
23625	3
23628	3
23631	3
23632	1
23633	1
23635	6
23644	2
23647	1
23664	9
23666	1
23667	1
23668	1
23673	1
23675	1
23679	1
23683	2
23691	1
23692	1
23701	1
23707	3
23709	3
23730	2
23731	3
23734	1
23744	1
23746	2
23749	1
23755	2
23756	3
23758	6
23766	1
23779	2
23780	1
23786	1
23788	1
23792	1
23794	1
23801	1
23802	1
23804	1
23809	1
23813	1
23814	1
23830	1
23836	1
23849	2
23854	4
23855	1
23856	1
23866	1
23868	7
23870	1
23873	1
23875	1
23876	1
23889	1
23890	2
23895	1
23896	3
23898	2
23900	1
23915	1
23917	1
23919	1
23927	1
23929	8
23934	1
23936	1
23938	1
23939	1
23947	1
23948	2
23949	1
23952	1
23975	1
23977	1
23982	1
23984	1
23986	2
23987	4
23991	1
23994	1
23996	3
23997	9
23998	2
24000	1
24001	1
24007	1
24019	1
24023	5
24025	1
24026	2
24031	1
24034	6
24038	1
24040	2
24044	1
24047	2
24049	1
24052	2
24054	1
24058	1
24062	2
24073	1
24076	2
24077	3
24082	1
24083	1
24085	1
24086	3
24088	1
24091	1
24094	1
24095	6
24096	2
24097	1
24098	1
24099	1
24106	3
24110	1
24117	1
24118	1
24124	3
24130	14
24133	2
24136	1
24138	8
24142	2
24163	1
24172	1
24173	1
24174	1
24175	2
24181	1
24193	5
24197	3
24198	1
24199	1
24202	2
24208	1
24211	1
24213	1
24232	1
24236	4
24237	2
24253	1
24257	2
24262	2
24274	3
24283	1
24289	1
24295	1
24298	1
24301	2
24334	2
24337	3
24348	4
24349	1
24355	1
24356	1
24358	1
24364	1
24368	4
24369	2
24370	7
24373	1
24374	1
24378	12
24381	3
24382	3
24385	1
24387	1
24400	1
24412	1
24418	1
24432	2
24442	1
24445	1
24484	1
24499	3
24506	1
24519	1
24520	1
24532	1
24535	2
24559	1
24574	1
24580	2
24583	1
24586	2
24589	1
24616	2
24620	4
24621	2
24628	1
24637	1
24642	2
24652	1
24667	1
24676	1
24685	1
24694	2
24696	6
24697	2
24700	1
24715	1
24718	1
24725	1
24726	1
24727	1
24734	2
24745	1
24751	6
24757	1
24763	1
24764	2
24770	2
24771	2
24775	1
24776	2
24778	1
24781	4
24782	1
24787	1
24788	1
24791	1
24792	1
24794	13
24795	7
24797	1
24803	1
24809	3
24811	1
24812	2
24814	1
24818	1
24820	2
24821	3
24822	1
24823	1
24826	1
24833	1
24834	1
24844	1
24851	1
24857	1
24862	1
24863	5
24865	1
24872	11
24874	1
24883	1
24886	1
24893	1
24894	1
24895	1
24898	1
24902	1
24903	2
24904	5
24905	1
24910	2
24912	5
24914	5
24915	1
24919	1
24922	1
24925	1
24926	6
24928	4
24933	2
24937	1
24942	1
24944	1
24947	1
24952	1
24958	1
24959	1
24977	4
24982	1
24987	1
24990	1
24995	1
24997	1
25000	8
25006	7
25008	1
25012	2
25024	1
25026	1
25037	2
25042	1
25046	5
25047	4
25048	1
25049	5
25050	2
25057	1
25062	4
25065	1
25069	1
25074	1
25075	1
25081	1
25082	1
25084	1
25088	8
25089	1
25091	1
25096	4
25104	1
25105	1
25106	2
25115	1
25117	1
25121	1
25122	2
25123	1
25127	1
25132	1
25133	1
25135	6
25137	1
25139	1
25145	2
25147	1
25153	1
25156	1
25157	2
25159	1
25166	4
25169	2
25182	1
25183	1
25186	4
25195	1
25204	1
25207	4
25209	1
25210	1
25213	1
25217	4
25218	5
25219	1
25227	2
25228	1
25229	2
25231	1
25232	1
25234	1
25244	8
25246	1
25249	4
25250	2
25252	1
25255	1
25261	2
25266	5
25267	2
25268	1
25270	1
25271	1
25273	10
25275	2
25279	1
25282	1
25287	2
25290	1
25296	1
25297	2
25300	1
25302	3
25303	2
25305	2
25311	2
25314	1
25315	1
25317	4
25323	3
25324	1
25333	2
25340	6
25344	1
25347	1
25349	1
25350	2
25351	2
25352	2
25354	4
25361	1
25363	2
25372	2
25377	1
25380	1
25384	1
25395	1
25397	1
25413	10
25416	1
25417	1
25423	2
25424	2
25427	8
25429	9
25433	5
25435	1
25437	3
25440	3
25441	1
25444	4
25445	2
25447	1
25448	4
25450	1
25451	3
25452	6
25455	7
25456	2
25457	2
25459	1
25460	2
25463	2
25471	7
25473	4
25480	1
25481	1
25482	1
25483	1
25487	5
25489	1
25491	2
25492	1
25494	7
25497	1
25499	1
25500	5
25501	4
25502	2
25505	4
25507	1
25509	1
25510	1
25511	5
25512	1
25513	8
25514	1
25515	1
25517	6
25519	2
25520	2
25521	15
25522	2
25523	2
25525	1
25526	7
25527	1
25528	5
25531	1
25533	2
25534	1
25537	1
25538	1
25539	1
25540	2
25546	4
25548	1
25549	6
25550	1
25552	4
25553	3
25555	5
25556	1
25557	1
25561	1
25563	24
25565	4
25566	1
25567	2
25571	2
25572	5
25575	1
25576	1
25577	2
25578	3
25580	1
25583	2
25584	2
25585	2
25587	9
25590	1
25593	6
25595	3
25598	3
25599	8
25603	2
25606	3
25609	4
25611	3
25613	7
25614	7
25617	4
25618	1
25620	2
25621	4
25624	11
25626	6
25629	1
25635	3
25636	1
25638	1
25641	2
25642	2
25644	4
25645	1
25647	8
25650	2
25654	9
25658	8
25660	2
25663	1
25665	2
25667	4
25668	1
25669	2
25675	1
25677	2
25678	1
25681	1
25682	1
25683	1
25684	4
25685	2
25687	5
25688	3
25689	1
25690	8
25691	2
25693	1
25702	3
25703	2
25705	4
25706	1
25708	7
25709	1
25710	6
25711	1
25714	4
25718	1
25719	1
25720	8
25721	4
25726	7
25728	4
25729	1
25731	2
25734	1
25742	1
25743	1
25751	1
25753	1
25757	1
25766	1
25767	3
25769	1
25770	4
25775	3
25776	1
25777	4
25782	3
25784	5
25785	13
25786	1
25791	2
25792	1
25793	2
25797	2
25800	1
25801	1
25803	1
25810	2
25814	2
25815	1
25816	2
25819	1
25820	1
25821	1
25823	1
25824	1
25827	1
25831	2
25836	2
25839	2
25843	2
25844	12
25847	1
25852	1
25854	3
25855	11
25859	1
25863	1
25864	1
25867	1
25872	1
25878	1
25879	3
25881	1
25885	1
25886	5
25889	4
25902	1
25904	26
25906	15
25907	11
25912	7
25913	5
25916	12
25919	2
25922	2
25925	1
25928	1
25929	1
25930	1
25931	2
25934	1
25936	6
25937	1
25938	1
25942	1
25943	1
25944	2
25947	6
25948	1
25951	1
25953	1
25954	2
25968	1
25969	2
25970	2
25971	3
25972	1
25974	3
25976	2
25979	1
25980	1
25987	1
25996	6
25998	1
25999	1
26003	1
26010	1
26011	1
26013	3
26017	1
26019	2
26020	4
26022	2
26028	10
26029	2
26034	1
26038	1
26042	4
26045	1
26047	2
26049	1
26051	2
26056	3
26058	4
26059	1
26060	20
26061	3
26062	15
26063	3
26067	1
26069	1
26071	2
26072	1
26075	1
26076	1
26078	3
26079	2
26085	1
26088	2
26094	1
26098	1
26110	6
26111	4
26124	2
26128	1
26130	1
26139	1
26142	1
26143	1
26144	4
26148	1
26149	1
26151	4
26152	3
26155	1
26157	1
26158	1
26159	1
26160	2
26162	1
26164	1
26165	1
26167	4
26168	1
26172	1
26173	1
26176	1
26177	1
26181	1
26182	1
26184	1
26187	1
26188	1
26192	2
26195	1
26197	1
26198	1
26199	3
26204	1
26208	4
26211	4
26216	1
26217	2
26221	1
26222	1
26224	1
26227	3
26228	2
26230	1
26233	1
26252	1
26256	7
26257	1
26258	1
26262	4
26268	2
26292	1
26296	1
26300	1
26305	4
26313	3
26315	1
26319	1
26322	1
26325	1
26332	1
26333	2
26339	1
26340	1
26353	1
26356	1
26365	1
26367	2
26371	1
26372	2
26375	1
26378	1
26379	1
26384	1
26385	1
26388	2
26416	3
26424	2
26428	3
26432	1
26436	1
26439	3
26442	1
26443	1
26445	1
26447	8
26448	3
26450	1
26455	5
26456	3
26459	1
26460	1
26461	5
26462	1
26464	4
26466	1
26469	1
26493	1
26495	1
26496	1
26497	1
26499	2
26501	2
26505	1
26509	1
26512	1
26520	1
26521	1
26526	7
26527	8
26530	2
26533	1
26534	3
26537	2
26543	1
26549	1
26555	1
26558	1
26559	1
26561	1
26563	1
26566	1
26567	4
26569	1
26570	1
26571	1
26576	1
26586	1
26589	1
26594	1
26600	1
26604	2
26606	2
26607	2
26609	3
26612	1
26616	1
26618	1
26620	3
26625	4
26634	2
26636	2
26642	1
26645	17
26647	1
26648	1
26653	1
26654	1
26655	1
26664	1
26673	1
26674	1
26676	1
26677	2
26681	20
26684	2
26688	1
26690	7
26700	1
26706	1
26711	1
26713	1
26718	2
26720	3
26721	1
26724	2
26727	3
26728	1
26729	1
26730	4
26735	9
26741	1
26748	1
26750	1
26752	1
26753	1
26759	1
26763	2
26766	1
26767	1
26768	2
26773	1
26774	1
26775	3
26776	1
26779	2
26781	1
26783	1
26790	1
26793	1
26801	16
26814	2
26822	6
26828	7
26831	1
26834	2
26846	1
26847	1
26849	3
26858	2
26861	2
26867	3
26873	2
26876	2
26879	1
26882	7
26885	6
26894	5
26895	6
26903	1
26905	1
26909	1
26912	2
26918	4
26922	2
26924	3
26927	3
26929	1
26933	1
26936	2
26942	3
26951	9
26954	2
26957	1
26964	1
26966	3
26972	1
26975	1
26985	8
26987	2
26996	1
27002	7
27005	5
27008	3
27014	4
27024	1
27026	1
27038	1
27039	1
27040	1
27046	1
27047	2
27059	7
27074	4
27092	5
27110	1
27112	1
27125	2
27128	1
27131	4
27134	2
27143	5
27145	3
27147	6
27152	2
27155	2
27165	1
27184	1
27193	3
27196	1
27199	1
27201	1
27208	1
27210	1
27213	10
27217	1
27218	2
27219	1
27222	1
27224	2
27228	1
27231	1
27240	3
27242	1
27246	1
27247	3
27250	1
27256	1
27258	1
27261	4
27263	4
27264	1
27269	1
27270	1
27271	1
27277	1
27281	3
27282	1
27285	1
27294	4
27297	9
27299	1
27300	1
27303	1
27308	1
27316	1
27317	1
27319	1
27323	1
27327	1
27338	1
27342	1
27346	1
27347	1
27351	1
27353	1
27355	1
27364	1
27367	1
27371	1
27374	1
27378	1
27379	3
27382	3
27383	3
27384	21
27387	1
27389	3
27393	1
27397	1
27399	1
27404	2
27405	1
27406	2
27407	1
27409	1
27410	1
27412	2
27415	2
27425	2
27427	1
27429	1
27430	2
27431	1
27432	1
27434	6
27435	1
27455	1
27456	2
27459	2
27465	1
27467	2
27476	3
27477	1
27478	3
27483	1
27484	3
27486	1
27488	1
27493	3
27494	4
27499	1
27501	1
27503	1
27504	2
27505	1
27506	5
27507	2
27509	7
27510	1
27511	1
27513	4
27516	1
27518	1
27520	1
27521	3
27527	2
27531	1
27532	8
27534	2
27535	1
27538	2
27544	1
27546	1
27549	3
27555	1
27556	1
27557	1
27558	1
27559	1
27561	3
27573	1
27577	1
27579	2
27583	2
27597	1
27600	3
27603	3
27604	3
27612	2
27613	1
27618	2
27625	1
27629	1
27630	7
27632	1
27634	1
27635	2
27638	1
27643	2
27644	1
27645	1
27649	1
27654	1
27655	1
27656	1
27657	3
27659	1
27661	1
27669	2
27670	4
27673	2
27674	2
27675	1
27679	3
27681	1
27684	6
27685	1
27687	1
27689	2
27697	1
27703	5
27706	1
27707	7
27710	1
27714	1
27716	1
27737	3
27739	3
27741	7
27746	4
27750	1
27752	6
27753	1
27754	4
27757	1
27758	2
27760	2
27761	1
27769	2
27774	1
27776	1
27779	1
27782	3
27785	1
27788	2
27789	1
27791	1
27795	1
27796	1
27797	1
27798	6
27800	2
27804	4
27806	1
27811	1
27812	2
27813	2
27825	1
27827	2
27830	1
27833	1
27835	1
27837	1
27847	3
27849	2
27851	1
27852	2
27853	1
27862	1
27865	1
27866	3
27870	3
27874	10
27875	1
27877	7
27879	4
27881	1
27883	2
27889	1
27890	4
27891	1
27894	2
27896	2
27898	1
27900	1
27903	2
27911	3
27912	1
27913	1
27915	6
27916	3
27919	3
27920	6
27921	2
27922	3
27923	4
27924	1
27925	8
27931	1
27933	1
27935	1
27942	2
27944	6
27945	8
27946	1
27948	3
27949	1
27950	1
27955	3
27957	1
27964	4
27965	2
27967	2
27970	5
27972	5
27976	2
27982	2
27984	2
27987	6
27995	1
27996	3
27998	6
27999	5
28000	1
28001	10
28004	1
28005	6
28006	1
28008	1
28009	5
28010	1
28011	3
28013	1
28017	2
28019	1
28025	2
28027	5
28028	1
28031	1
28044	2
28045	8
28048	5
28052	1
28053	1
28054	4
28064	1
28068	2
28070	2
28073	3
28076	2
28077	21
28079	7
28080	1
28081	1
28082	1
28083	5
28086	10
28087	8
28088	1
28089	1
28093	10
28095	1
28099	1
28100	1
28102	1
28109	2
28111	1
28115	4
28117	1
28118	1
28120	1
28122	2
28130	1
28132	1
28133	2
28141	3
28144	4
28146	1
28151	1
28152	1
28153	2
28155	1
28159	1
28163	1
28166	1
28167	3
28169	2
28171	1
28178	7
28180	1
28182	1
28183	1
28188	2
28191	1
28193	1
28195	1
28196	1
28198	1
28201	2
28202	2
28209	6
28211	1
28214	1
28216	1
28217	1
28219	1
28221	2
28223	1
28226	1
28227	1
28229	1
28230	1
28232	1
28236	1
28237	2
28239	1
28242	1
28245	1
28250	1
28251	5
28253	37
28254	10
28256	1
28263	1
28265	1
28266	1
28269	3
28271	3
28272	5
28277	1
28278	2
28280	8
28281	1
28282	1
28287	1
28289	4
28290	3
28291	7
28292	2
28295	2
28297	2
28300	9
28302	2
28305	2
28307	5
28308	2
28310	12
28311	12
28312	2
28313	2
28314	2
28315	1
28320	3
28321	8
28326	1
28329	1
28331	1
28332	1
28333	1
28334	1
28336	2
28337	2
28338	3
28342	1
28344	3
28346	7
28347	3
28348	1
28356	2
28357	2
28359	2
28362	1
28363	2
28365	1
28368	3
28370	1
28371	1
28372	1
28373	7
28375	1
28376	2
28377	7
28378	17
28381	1
28382	5
28383	1
28384	1
28386	1
28389	2
28391	1
28392	2
28395	2
28396	3
28399	2
28409	1
28411	2
28416	1
28419	1
28432	2
28436	1
28453	3
28456	1
28460	2
28465	1
28467	1
28470	1
28471	1
28472	7
28473	3
28474	1
28476	1
28482	2
28483	1
28486	1
28487	2
28500	1
28508	1
28512	3
28514	1
28519	1
28521	2
28531	3
28535	1
28541	1
28542	1
28544	1
28559	3
28580	5
28581	1
28585	1
28591	1
28600	1
28603	16
28606	3
28610	1
28612	1
28618	2
28621	2
28624	1
28628	5
28632	2
28637	1
28639	1
28651	5
28653	1
28655	9
28656	1
28657	7
28660	1
28663	1
28674	5
28677	6
28679	1
28685	1
28687	1
28688	3
28690	7
28693	2
28694	1
28695	5
28697	2
28703	11
28704	1
28705	1
28706	7
28708	3
28715	1
28717	1
28720	1
28724	1
28725	2
28727	3
28732	2
28736	2
28737	1
28742	2
28744	3
28747	3
28748	2
28751	1
28756	1
28759	4
28761	2
28762	1
28764	1
28770	4
28774	2
28775	3
28776	2
28789	3
28790	1
28795	2
28798	2
28804	1
28805	1
28808	1
28809	2
28810	3
28812	2
28814	1
28815	1
28817	6
28819	2
28820	2
28821	4
28824	2
28826	4
28830	4
28833	4
28835	2
28837	1
28840	1
28841	1
28842	4
28843	1
28844	2
28845	1
28846	4
28849	9
28851	12
28854	23
28855	2
28857	8
28858	1
28860	2
28861	1
28862	1
28863	3
28866	4
28868	5
28869	7
28870	1
28871	2
28875	3
28877	6
28878	6
28879	1
28881	13
28882	8
28883	6
28884	5
28887	26
28888	1
28889	1
28890	4
28892	4
28893	2
28895	5
28896	2
28897	2
28899	10
28900	1
28902	1
28903	14
28904	3
28905	4
28906	1
28907	2
28908	4
28911	2
28913	2
28914	2
28915	1
28916	3
28917	3
28921	1
28922	1
28925	1
28927	1
28932	2
28933	1
28936	2
28937	2
28939	2
28940	1
28954	1
28957	3
28959	1
28960	4
28961	1
28969	2
28971	1
28975	21
28977	5
28978	1
28979	2
28985	7
28995	1
29000	3
29001	1
29002	2
29004	2
29013	1
29017	2
29019	1
29024	2
29025	3
29027	4
29032	1
29034	1
29035	1
29038	1
29040	1
29044	1
29052	1
29060	1
29063	1
29065	1
29067	2
29074	1
29077	6
29081	6
29085	3
29086	1
29090	1
29095	19
29098	1
29108	1
29109	2
29112	1
29119	5
29135	1
29137	2
29140	2
29144	3
29147	1
29148	2
29149	2
29152	1
29160	2
29162	1
29167	8
29171	6
29173	2
29179	12
29186	1
29194	2
29195	3
29197	2
29200	5
29202	1
29203	1
29206	1
29209	2
29212	3
29218	4
29221	2
29227	4
29234	1
29235	1
29237	2
29239	2
29247	2
29249	2
29253	6
29254	13
29260	7
29263	1
29266	3
29269	1
29272	8
29273	3
29274	2
29280	1
29281	1
29284	2
29287	1
29294	3
29296	4
29298	1
29299	1
29300	1
29301	1
29303	3
29304	2
29305	1
29309	1
29311	6
29312	1
29315	3
29323	2
29329	1
29332	6
29337	1
29338	1
29347	1
29348	2
29350	2
29353	8
29356	1
29358	13
29360	1
29362	3
29363	1
29364	1
29365	1
29366	5
29367	5
29369	1
29370	4
29372	2
29373	1
29374	1
29375	1
29377	4
29380	1
29381	1
29384	4
29386	3
29392	3
29395	1
29398	1
29399	1
29400	1
29402	21
29403	1
29405	8
29409	6
29414	1
29415	2
29416	1
29420	7
29421	4
29422	7
29425	4
29427	3
29431	2
29433	1
29434	1
29437	1
29439	1
29440	3
29445	4
29447	2
29449	7
29451	5
29458	2
29462	1
29464	1
29465	2
29466	4
29467	2
29468	3
29470	2
29474	6
29476	1
29477	9
29482	1
29485	2
29488	1
29490	1
29494	1
29503	3
29508	1
29509	3
29511	6
29513	1
29514	2
29518	5
29520	2
29521	1
29523	1
29524	1
29530	3
29535	1
29537	1
29538	1
29540	2
29541	7
29543	14
29545	4
29550	1
29553	2
29554	2
29555	11
29557	3
29559	1
29560	1
29563	1
29566	1
29567	2
29578	2
29580	4
29585	6
29587	1
29588	1
29592	1
29594	2
29596	1
29598	2
29604	1
29606	1
29614	12
29616	1
29622	2
29625	5
29627	4
29628	3
29630	1
29631	1
29635	6
29637	1
29638	1
29639	1
29640	2
29642	8
29645	5
29648	5
29649	1
29652	1
29658	1
29659	2
29661	1
29665	1
29666	6
29670	2
29671	1
29674	2
29679	3
29683	1
29685	2
29686	5
29688	3
29690	4
29692	11
29693	1
29696	1
29700	11
29701	2
29702	1
29703	1
29705	3
29706	8
29708	2
29709	1
29710	2
29711	12
29715	2
29717	1
29719	5
29721	4
29722	5
29723	1
29724	1
29730	4
29732	1
29733	4
29734	11
29735	2
29736	10
29737	11
29738	5
29739	2
29741	6
29742	17
29743	11
29744	10
29745	9
29746	1
29747	9
29750	7
29751	15
29752	1
29753	2
29754	9
29755	3
29757	2
29759	5
29760	3
29762	3
29764	5
29765	1
29767	5
29768	1
29769	12
29771	2
29772	1
29773	5
29774	8
29777	3
29778	2
29779	18
29780	1
29781	5
29782	2
29783	1
29784	7
29785	2
29786	1
29792	1
29796	1
29798	1
29800	1
29803	1
29806	1
29808	3
29810	10
29811	1
29813	1
29817	1
29820	1
29822	2
29824	1
29825	4
29827	1
29828	4
29830	3
29832	1
29833	1
29834	1
29835	8
29836	3
29837	2
29838	4
29840	1
29841	1
29843	1
29845	1
29848	6
29850	4
29852	3
29853	4